{
  "Discriminator Sampled": 0.4689391255378723,
  "Discriminator Real": 0.009962433949112892,
  "Gradient Penalty": 4.940234184265137,
  "Generator Autoencoded": 0.007896033115684986,
  "Pixel Reconstruction Loss": 0.44556623697280884,
  "Classifier Loss": 0.6372069716453552
}