{
  "Discriminator Sampled": 0.46429431438446045,
  "Discriminator Real": 0.010265075601637363,
  "Gradient Penalty": 5.619335174560547,
  "Generator Autoencoded": 0.00856246892362833,
  "Pixel Reconstruction Loss": 0.469458669424057,
  "Classifier Loss": 0.695047914981842
}