{
  "Discriminator Sampled": 0.38242340087890625,
  "Discriminator Real": 0.011426317505538464,
  "Gradient Penalty": 5.693220138549805,
  "Generator Autoencoded": 0.010307703167200089,
  "Pixel Reconstruction Loss": 0.45381173491477966,
  "Classifier Loss": 0.6848520636558533
}